ID	Altura	Peso	Base XP	HP	Ataque	Defesa	Velocidade	Sprite (2D)
1	7	69	64	45	49	49	45	https://raw.githubusercontent.com/PokeAPI/sprites/master/sprites/pokemon/1.png
2	10	130	142	60	62	63	60	https://raw.githubusercontent.com/PokeAPI/sprites/master/sprites/pokemon/2.png
3	20	1000	263	80	82	83	80	https://raw.githubusercontent.com/PokeAPI/sprites/master/sprites/pokemon/3.png
4	6	85	62	39	52	43	65	https://raw.githubusercontent.com/PokeAPI/sprites/master/sprites/pokemon/4.png
5	11	190	142	58	64	58	80	https://raw.githubusercontent.com/PokeAPI/sprites/master/sprites/pokemon/5.png
6	17	905	267	78	84	78	100	https://raw.githubusercontent.com/PokeAPI/sprites/master/sprites/pokemon/6.png
7	5	90	63	44	48	65	43	https://raw.githubusercontent.com/PokeAPI/sprites/master/sprites/pokemon/7.png
8	10	225	142	59	63	80	58	https://raw.githubusercontent.com/PokeAPI/sprites/master/sprites/pokemon/8.png
9	16	855	265	79	83	100	78	https://raw.githubusercontent.com/PokeAPI/sprites/master/sprites/pokemon/9.png
10	3	29	39	45	30	35	45	https://raw.githubusercontent.com/PokeAPI/sprites/master/sprites/pokemon/10.png
11	7	99	72	50	20	55	30	https://raw.githubusercontent.com/PokeAPI/sprites/master/sprites/pokemon/11.png
12	11	320	198	60	45	50	70	https://raw.githubusercontent.com/PokeAPI/sprites/master/sprites/pokemon/12.png
13	3	32	39	40	35	30	50	https://raw.githubusercontent.com/PokeAPI/sprites/master/sprites/pokemon/13.png
14	6	100	72	45	25	50	35	https://raw.githubusercontent.com/PokeAPI/sprites/master/sprites/pokemon/14.png
15	10	295	178	65	90	40	75	https://raw.githubusercontent.com/PokeAPI/sprites/master/sprites/pokemon/15.png
16	3	18	50	40	45	40	56	https://raw.githubusercontent.com/PokeAPI/sprites/master/sprites/pokemon/16.png
17	11	300	122	63	60	55	71	https://raw.githubusercontent.com/PokeAPI/sprites/master/sprites/pokemon/17.png
18	15	395	216	83	80	75	101	https://raw.githubusercontent.com/PokeAPI/sprites/master/sprites/pokemon/18.png
19	3	35	51	30	56	35	72	https://raw.githubusercontent.com/PokeAPI/sprites/master/sprites/pokemon/19.png
20	7	185	145	55	81	60	97	https://raw.githubusercontent.com/PokeAPI/sprites/master/sprites/pokemon/20.png
21	3	20	52	40	60	30	70	https://raw.githubusercontent.com/PokeAPI/sprites/master/sprites/pokemon/21.png
22	12	380	155	65	90	65	100	https://raw.githubusercontent.com/PokeAPI/sprites/master/sprites/pokemon/22.png
23	20	69	58	35	60	44	55	https://raw.githubusercontent.com/PokeAPI/sprites/master/sprites/pokemon/23.png
24	35	650	157	60	95	69	80	https://raw.githubusercontent.com/PokeAPI/sprites/master/sprites/pokemon/24.png
25	4	60	112	35	55	40	90	https://raw.githubusercontent.com/PokeAPI/sprites/master/sprites/pokemon/25.png
26	8	300	243	60	90	55	110	https://raw.githubusercontent.com/PokeAPI/sprites/master/sprites/pokemon/26.png
27	6	120	60	50	75	85	40	https://raw.githubusercontent.com/PokeAPI/sprites/master/sprites/pokemon/27.png
28	10	295	158	75	100	110	65	https://raw.githubusercontent.com/PokeAPI/sprites/master/sprites/pokemon/28.png
29	4	70	55	55	47	52	41	https://raw.githubusercontent.com/PokeAPI/sprites/master/sprites/pokemon/29.png
30	8	200	128	70	62	67	56	https://raw.githubusercontent.com/PokeAPI/sprites/master/sprites/pokemon/30.png
31	13	600	253	90	92	87	76	https://raw.githubusercontent.com/PokeAPI/sprites/master/sprites/pokemon/31.png
32	5	90	55	46	57	40	50	https://raw.githubusercontent.com/PokeAPI/sprites/master/sprites/pokemon/32.png
33	9	195	128	61	72	57	65	https://raw.githubusercontent.com/PokeAPI/sprites/master/sprites/pokemon/33.png
34	14	620	253	81	102	77	85	https://raw.githubusercontent.com/PokeAPI/sprites/master/sprites/pokemon/34.png
35	6	75	113	70	45	48	35	https://raw.githubusercontent.com/PokeAPI/sprites/master/sprites/pokemon/35.png
36	13	400	242	95	70	73	60	https://raw.githubusercontent.com/PokeAPI/sprites/master/sprites/pokemon/36.png
37	6	99	60	38	41	40	65	https://raw.githubusercontent.com/PokeAPI/sprites/master/sprites/pokemon/37.png
38	11	199	177	73	76	75	100	https://raw.githubusercontent.com/PokeAPI/sprites/master/sprites/pokemon/38.png
39	5	55	95	115	45	20	20	https://raw.githubusercontent.com/PokeAPI/sprites/master/sprites/pokemon/39.png
40	10	120	218	140	70	45	45	https://raw.githubusercontent.com/PokeAPI/sprites/master/sprites/pokemon/40.png
41	8	75	49	40	45	35	55	https://raw.githubusercontent.com/PokeAPI/sprites/master/sprites/pokemon/41.png
42	16	550	159	75	80	70	90	https://raw.githubusercontent.com/PokeAPI/sprites/master/sprites/pokemon/42.png
43	5	54	64	45	50	55	30	https://raw.githubusercontent.com/PokeAPI/sprites/master/sprites/pokemon/43.png
44	8	86	138	60	65	70	40	https://raw.githubusercontent.com/PokeAPI/sprites/master/sprites/pokemon/44.png
45	12	186	245	75	80	85	50	https://raw.githubusercontent.com/PokeAPI/sprites/master/sprites/pokemon/45.png
46	3	54	57	35	70	55	25	https://raw.githubusercontent.com/PokeAPI/sprites/master/sprites/pokemon/46.png
47	10	295	142	60	95	80	30	https://raw.githubusercontent.com/PokeAPI/sprites/master/sprites/pokemon/47.png
48	10	300	61	60	55	50	45	https://raw.githubusercontent.com/PokeAPI/sprites/master/sprites/pokemon/48.png
49	15	125	158	70	65	60	90	https://raw.githubusercontent.com/PokeAPI/sprites/master/sprites/pokemon/49.png
50	2	8	53	10	55	25	95	https://raw.githubusercontent.com/PokeAPI/sprites/master/sprites/pokemon/50.png
51	7	333	149	35	100	50	120	https://raw.githubusercontent.com/PokeAPI/sprites/master/sprites/pokemon/51.png
52	4	42	58	40	45	35	90	https://raw.githubusercontent.com/PokeAPI/sprites/master/sprites/pokemon/52.png
53	10	320	154	65	70	60	115	https://raw.githubusercontent.com/PokeAPI/sprites/master/sprites/pokemon/53.png
54	8	196	64	50	52	48	55	https://raw.githubusercontent.com/PokeAPI/sprites/master/sprites/pokemon/54.png
55	17	766	175	80	82	78	85	https://raw.githubusercontent.com/PokeAPI/sprites/master/sprites/pokemon/55.png
56	5	280	61	40	80	35	70	https://raw.githubusercontent.com/PokeAPI/sprites/master/sprites/pokemon/56.png
57	10	320	159	65	105	60	95	https://raw.githubusercontent.com/PokeAPI/sprites/master/sprites/pokemon/57.png
58	7	190	70	55	70	45	60	https://raw.githubusercontent.com/PokeAPI/sprites/master/sprites/pokemon/58.png
59	19	1550	194	90	110	80	95	https://raw.githubusercontent.com/PokeAPI/sprites/master/sprites/pokemon/59.png
60	6	124	60	40	50	40	90	https://raw.githubusercontent.com/PokeAPI/sprites/master/sprites/pokemon/60.png
61	10	200	135	65	65	65	90	https://raw.githubusercontent.com/PokeAPI/sprites/master/sprites/pokemon/61.png
62	13	540	255	90	95	95	70	https://raw.githubusercontent.com/PokeAPI/sprites/master/sprites/pokemon/62.png
63	9	195	62	25	20	15	90	https://raw.githubusercontent.com/PokeAPI/sprites/master/sprites/pokemon/63.png
64	13	565	140	40	35	30	105	https://raw.githubusercontent.com/PokeAPI/sprites/master/sprites/pokemon/64.png
65	15	480	250	55	50	45	120	https://raw.githubusercontent.com/PokeAPI/sprites/master/sprites/pokemon/65.png
66	8	195	61	70	80	50	35	https://raw.githubusercontent.com/PokeAPI/sprites/master/sprites/pokemon/66.png
67	15	705	142	80	100	70	45	https://raw.githubusercontent.com/PokeAPI/sprites/master/sprites/pokemon/67.png
68	16	1300	253	90	130	80	55	https://raw.githubusercontent.com/PokeAPI/sprites/master/sprites/pokemon/68.png
69	7	40	60	50	75	35	40	https://raw.githubusercontent.com/PokeAPI/sprites/master/sprites/pokemon/69.png
70	10	64	137	65	90	50	55	https://raw.githubusercontent.com/PokeAPI/sprites/master/sprites/pokemon/70.png
71	17	155	221	80	105	65	70	https://raw.githubusercontent.com/PokeAPI/sprites/master/sprites/pokemon/71.png
72	9	455	67	40	40	35	70	https://raw.githubusercontent.com/PokeAPI/sprites/master/sprites/pokemon/72.png
73	16	550	180	80	70	65	100	https://raw.githubusercontent.com/PokeAPI/sprites/master/sprites/pokemon/73.png
74	4	200	60	40	80	100	20	https://raw.githubusercontent.com/PokeAPI/sprites/master/sprites/pokemon/74.png
75	10	1050	137	55	95	115	35	https://raw.githubusercontent.com/PokeAPI/sprites/master/sprites/pokemon/75.png
76	14	3000	223	80	120	130	45	https://raw.githubusercontent.com/PokeAPI/sprites/master/sprites/pokemon/76.png
77	10	300	82	50	85	55	90	https://raw.githubusercontent.com/PokeAPI/sprites/master/sprites/pokemon/77.png
78	17	950	175	65	100	70	105	https://raw.githubusercontent.com/PokeAPI/sprites/master/sprites/pokemon/78.png
79	12	360	63	90	65	65	15	https://raw.githubusercontent.com/PokeAPI/sprites/master/sprites/pokemon/79.png
80	16	785	172	95	75	110	30	https://raw.githubusercontent.com/PokeAPI/sprites/master/sprites/pokemon/80.png
81	3	60	65	25	35	70	45	https://raw.githubusercontent.com/PokeAPI/sprites/master/sprites/pokemon/81.png
82	10	600	163	50	60	95	70	https://raw.githubusercontent.com/PokeAPI/sprites/master/sprites/pokemon/82.png
83	8	150	132	52	90	55	60	https://raw.githubusercontent.com/PokeAPI/sprites/master/sprites/pokemon/83.png
84	14	392	62	35	85	45	75	https://raw.githubusercontent.com/PokeAPI/sprites/master/sprites/pokemon/84.png
85	18	852	165	60	110	70	110	https://raw.githubusercontent.com/PokeAPI/sprites/master/sprites/pokemon/85.png
86	11	900	65	65	45	55	45	https://raw.githubusercontent.com/PokeAPI/sprites/master/sprites/pokemon/86.png
87	17	1200	166	90	70	80	70	https://raw.githubusercontent.com/PokeAPI/sprites/master/sprites/pokemon/87.png
88	9	300	65	80	80	50	25	https://raw.githubusercontent.com/PokeAPI/sprites/master/sprites/pokemon/88.png
89	12	300	175	105	105	75	50	https://raw.githubusercontent.com/PokeAPI/sprites/master/sprites/pokemon/89.png
90	3	40	61	30	65	100	40	https://raw.githubusercontent.com/PokeAPI/sprites/master/sprites/pokemon/90.png
91	15	1325	184	50	95	180	70	https://raw.githubusercontent.com/PokeAPI/sprites/master/sprites/pokemon/91.png
92	13	1	62	30	35	30	80	https://raw.githubusercontent.com/PokeAPI/sprites/master/sprites/pokemon/92.png
93	16	1	142	45	50	45	95	https://raw.githubusercontent.com/PokeAPI/sprites/master/sprites/pokemon/93.png
94	15	405	250	60	65	60	110	https://raw.githubusercontent.com/PokeAPI/sprites/master/sprites/pokemon/94.png
95	88	2100	77	35	45	160	70	https://raw.githubusercontent.com/PokeAPI/sprites/master/sprites/pokemon/95.png
96	10	324	66	60	48	45	42	https://raw.githubusercontent.com/PokeAPI/sprites/master/sprites/pokemon/96.png
97	16	756	169	85	73	70	67	https://raw.githubusercontent.com/PokeAPI/sprites/master/sprites/pokemon/97.png
98	4	65	65	30	105	90	50	https://raw.githubusercontent.com/PokeAPI/sprites/master/sprites/pokemon/98.png
99	13	600	166	55	130	115	75	https://raw.githubusercontent.com/PokeAPI/sprites/master/sprites/pokemon/99.png
100	5	104	66	40	30	50	100	https://raw.githubusercontent.com/PokeAPI/sprites/master/sprites/pokemon/100.png
101	12	666	172	60	50	70	150	https://raw.githubusercontent.com/PokeAPI/sprites/master/sprites/pokemon/101.png
102	4	25	65	60	40	80	40	https://raw.githubusercontent.com/PokeAPI/sprites/master/sprites/pokemon/102.png
103	20	1200	186	95	95	85	55	https://raw.githubusercontent.com/PokeAPI/sprites/master/sprites/pokemon/103.png
104	4	65	64	50	50	95	35	https://raw.githubusercontent.com/PokeAPI/sprites/master/sprites/pokemon/104.png
105	10	450	149	60	80	110	45	https://raw.githubusercontent.com/PokeAPI/sprites/master/sprites/pokemon/105.png
106	15	498	159	50	120	53	87	https://raw.githubusercontent.com/PokeAPI/sprites/master/sprites/pokemon/106.png
107	14	502	159	50	105	79	76	https://raw.githubusercontent.com/PokeAPI/sprites/master/sprites/pokemon/107.png
108	12	655	77	90	55	75	30	https://raw.githubusercontent.com/PokeAPI/sprites/master/sprites/pokemon/108.png
109	6	10	68	40	65	95	35	https://raw.githubusercontent.com/PokeAPI/sprites/master/sprites/pokemon/109.png
110	12	95	172	65	90	120	60	https://raw.githubusercontent.com/PokeAPI/sprites/master/sprites/pokemon/110.png
111	10	1150	69	80	85	95	25	https://raw.githubusercontent.com/PokeAPI/sprites/master/sprites/pokemon/111.png
112	19	1200	170	105	130	120	40	https://raw.githubusercontent.com/PokeAPI/sprites/master/sprites/pokemon/112.png
113	11	346	395	250	5	5	50	https://raw.githubusercontent.com/PokeAPI/sprites/master/sprites/pokemon/113.png
114	10	350	87	65	55	115	60	https://raw.githubusercontent.com/PokeAPI/sprites/master/sprites/pokemon/114.png
115	22	800	172	105	95	80	90	https://raw.githubusercontent.com/PokeAPI/sprites/master/sprites/pokemon/115.png
116	4	80	59	30	40	70	60	https://raw.githubusercontent.com/PokeAPI/sprites/master/sprites/pokemon/116.png
117	12	250	154	55	65	95	85	https://raw.githubusercontent.com/PokeAPI/sprites/master/sprites/pokemon/117.png
118	6	150	64	45	67	60	63	https://raw.githubusercontent.com/PokeAPI/sprites/master/sprites/pokemon/118.png
119	13	390	158	80	92	65	68	https://raw.githubusercontent.com/PokeAPI/sprites/master/sprites/pokemon/119.png
120	8	345	68	30	45	55	85	https://raw.githubusercontent.com/PokeAPI/sprites/master/sprites/pokemon/120.png
121	11	800	182	60	75	85	115	https://raw.githubusercontent.com/PokeAPI/sprites/master/sprites/pokemon/121.png
122	13	545	161	40	45	65	90	https://raw.githubusercontent.com/PokeAPI/sprites/master/sprites/pokemon/122.png
123	15	560	100	70	110	80	105	https://raw.githubusercontent.com/PokeAPI/sprites/master/sprites/pokemon/123.png
124	14	406	159	65	50	35	95	https://raw.githubusercontent.com/PokeAPI/sprites/master/sprites/pokemon/124.png
125	11	300	172	65	83	57	105	https://raw.githubusercontent.com/PokeAPI/sprites/master/sprites/pokemon/125.png
126	13	445	173	65	95	57	93	https://raw.githubusercontent.com/PokeAPI/sprites/master/sprites/pokemon/126.png
127	15	550	175	65	125	100	85	https://raw.githubusercontent.com/PokeAPI/sprites/master/sprites/pokemon/127.png
128	14	884	172	75	100	95	110	https://raw.githubusercontent.com/PokeAPI/sprites/master/sprites/pokemon/128.png
129	9	100	40	20	10	55	80	https://raw.githubusercontent.com/PokeAPI/sprites/master/sprites/pokemon/129.png
130	65	2350	189	95	125	79	81	https://raw.githubusercontent.com/PokeAPI/sprites/master/sprites/pokemon/130.png
131	25	2200	187	130	85	80	60	https://raw.githubusercontent.com/PokeAPI/sprites/master/sprites/pokemon/131.png
132	3	40	101	48	48	48	48	https://raw.githubusercontent.com/PokeAPI/sprites/master/sprites/pokemon/132.png
133	3	65	65	55	55	50	55	https://raw.githubusercontent.com/PokeAPI/sprites/master/sprites/pokemon/133.png
134	10	290	184	130	65	60	65	https://raw.githubusercontent.com/PokeAPI/sprites/master/sprites/pokemon/134.png
135	8	245	184	65	65	60	130	https://raw.githubusercontent.com/PokeAPI/sprites/master/sprites/pokemon/135.png
136	9	250	184	65	130	60	65	https://raw.githubusercontent.com/PokeAPI/sprites/master/sprites/pokemon/136.png
137	8	365	79	65	60	70	40	https://raw.githubusercontent.com/PokeAPI/sprites/master/sprites/pokemon/137.png
138	4	75	71	35	40	100	35	https://raw.githubusercontent.com/PokeAPI/sprites/master/sprites/pokemon/138.png
139	10	350	173	70	60	125	55	https://raw.githubusercontent.com/PokeAPI/sprites/master/sprites/pokemon/139.png
140	5	115	71	30	80	90	55	https://raw.githubusercontent.com/PokeAPI/sprites/master/sprites/pokemon/140.png
141	13	405	173	60	115	105	80	https://raw.githubusercontent.com/PokeAPI/sprites/master/sprites/pokemon/141.png
142	18	590	180	80	105	65	130	https://raw.githubusercontent.com/PokeAPI/sprites/master/sprites/pokemon/142.png
143	21	4600	189	160	110	65	30	https://raw.githubusercontent.com/PokeAPI/sprites/master/sprites/pokemon/143.png
144	17	554	290	90	85	100	85	https://raw.githubusercontent.com/PokeAPI/sprites/master/sprites/pokemon/144.png
145	16	526	290	90	90	85	100	https://raw.githubusercontent.com/PokeAPI/sprites/master/sprites/pokemon/145.png
146	20	600	290	90	100	90	90	https://raw.githubusercontent.com/PokeAPI/sprites/master/sprites/pokemon/146.png
147	18	33	60	41	64	45	50	https://raw.githubusercontent.com/PokeAPI/sprites/master/sprites/pokemon/147.png
148	40	165	147	61	84	65	70	https://raw.githubusercontent.com/PokeAPI/sprites/master/sprites/pokemon/148.png
149	22	2100	300	91	134	95	80	https://raw.githubusercontent.com/PokeAPI/sprites/master/sprites/pokemon/149.png
150	20	1220	340	106	110	90	130	https://raw.githubusercontent.com/PokeAPI/sprites/master/sprites/pokemon/150.png
151	4	40	300	100	100	100	100	https://raw.githubusercontent.com/PokeAPI/sprites/master/sprites/pokemon/151.png
152	9	64	64	45	49	65	45	https://raw.githubusercontent.com/PokeAPI/sprites/master/sprites/pokemon/152.png
153	12	158	142	60	62	80	60	https://raw.githubusercontent.com/PokeAPI/sprites/master/sprites/pokemon/153.png
154	18	1005	236	80	82	100	80	https://raw.githubusercontent.com/PokeAPI/sprites/master/sprites/pokemon/154.png
155	5	79	62	39	52	43	65	https://raw.githubusercontent.com/PokeAPI/sprites/master/sprites/pokemon/155.png
156	9	190	142	58	64	58	80	https://raw.githubusercontent.com/PokeAPI/sprites/master/sprites/pokemon/156.png
157	17	795	240	78	84	78	100	https://raw.githubusercontent.com/PokeAPI/sprites/master/sprites/pokemon/157.png
158	6	95	63	50	65	64	43	https://raw.githubusercontent.com/PokeAPI/sprites/master/sprites/pokemon/158.png
159	11	250	142	65	80	80	58	https://raw.githubusercontent.com/PokeAPI/sprites/master/sprites/pokemon/159.png
160	23	888	239	85	105	100	78	https://raw.githubusercontent.com/PokeAPI/sprites/master/sprites/pokemon/160.png
161	8	60	43	35	46	34	20	https://raw.githubusercontent.com/PokeAPI/sprites/master/sprites/pokemon/161.png
162	18	325	145	85	76	64	90	https://raw.githubusercontent.com/PokeAPI/sprites/master/sprites/pokemon/162.png
163	7	212	52	60	30	30	50	https://raw.githubusercontent.com/PokeAPI/sprites/master/sprites/pokemon/163.png
164	16	408	158	100	50	50	70	https://raw.githubusercontent.com/PokeAPI/sprites/master/sprites/pokemon/164.png
165	10	108	53	40	20	30	55	https://raw.githubusercontent.com/PokeAPI/sprites/master/sprites/pokemon/165.png
166	14	356	137	55	35	50	85	https://raw.githubusercontent.com/PokeAPI/sprites/master/sprites/pokemon/166.png
167	5	85	50	40	60	40	30	https://raw.githubusercontent.com/PokeAPI/sprites/master/sprites/pokemon/167.png
168	11	335	140	70	90	70	40	https://raw.githubusercontent.com/PokeAPI/sprites/master/sprites/pokemon/168.png
169	18	750	268	85	90	80	130	https://raw.githubusercontent.com/PokeAPI/sprites/master/sprites/pokemon/169.png
170	5	120	66	75	38	38	67	https://raw.githubusercontent.com/PokeAPI/sprites/master/sprites/pokemon/170.png
171	12	225	161	125	58	58	67	https://raw.githubusercontent.com/PokeAPI/sprites/master/sprites/pokemon/171.png
172	3	20	41	20	40	15	60	https://raw.githubusercontent.com/PokeAPI/sprites/master/sprites/pokemon/172.png
173	3	30	44	50	25	28	15	https://raw.githubusercontent.com/PokeAPI/sprites/master/sprites/pokemon/173.png
174	3	10	42	90	30	15	15	https://raw.githubusercontent.com/PokeAPI/sprites/master/sprites/pokemon/174.png
175	3	15	49	35	20	65	20	https://raw.githubusercontent.com/PokeAPI/sprites/master/sprites/pokemon/175.png
176	6	32	142	55	40	85	40	https://raw.githubusercontent.com/PokeAPI/sprites/master/sprites/pokemon/176.png
177	2	20	64	40	50	45	70	https://raw.githubusercontent.com/PokeAPI/sprites/master/sprites/pokemon/177.png
178	15	150	165	65	75	70	95	https://raw.githubusercontent.com/PokeAPI/sprites/master/sprites/pokemon/178.png
179	6	78	56	55	40	40	35	https://raw.githubusercontent.com/PokeAPI/sprites/master/sprites/pokemon/179.png
180	8	133	128	70	55	55	45	https://raw.githubusercontent.com/PokeAPI/sprites/master/sprites/pokemon/180.png
181	14	615	230	90	75	85	55	https://raw.githubusercontent.com/PokeAPI/sprites/master/sprites/pokemon/181.png
182	4	58	245	75	80	95	50	https://raw.githubusercontent.com/PokeAPI/sprites/master/sprites/pokemon/182.png
183	4	85	88	70	20	50	40	https://raw.githubusercontent.com/PokeAPI/sprites/master/sprites/pokemon/183.png
184	8	285	210	100	50	80	50	https://raw.githubusercontent.com/PokeAPI/sprites/master/sprites/pokemon/184.png
185	12	380	144	70	100	115	30	https://raw.githubusercontent.com/PokeAPI/sprites/master/sprites/pokemon/185.png
186	11	339	250	90	75	75	70	https://raw.githubusercontent.com/PokeAPI/sprites/master/sprites/pokemon/186.png
187	4	5	50	35	35	40	50	https://raw.githubusercontent.com/PokeAPI/sprites/master/sprites/pokemon/187.png
188	6	10	119	55	45	50	80	https://raw.githubusercontent.com/PokeAPI/sprites/master/sprites/pokemon/188.png
189	8	30	207	75	55	70	110	https://raw.githubusercontent.com/PokeAPI/sprites/master/sprites/pokemon/189.png
190	8	115	72	55	70	55	85	https://raw.githubusercontent.com/PokeAPI/sprites/master/sprites/pokemon/190.png
191	3	18	36	30	30	30	30	https://raw.githubusercontent.com/PokeAPI/sprites/master/sprites/pokemon/191.png
192	8	85	149	75	75	55	30	https://raw.githubusercontent.com/PokeAPI/sprites/master/sprites/pokemon/192.png
193	12	380	78	65	65	45	95	https://raw.githubusercontent.com/PokeAPI/sprites/master/sprites/pokemon/193.png
194	4	85	42	55	45	45	15	https://raw.githubusercontent.com/PokeAPI/sprites/master/sprites/pokemon/194.png
195	14	750	151	95	85	85	35	https://raw.githubusercontent.com/PokeAPI/sprites/master/sprites/pokemon/195.png
196	9	265	184	65	65	60	110	https://raw.githubusercontent.com/PokeAPI/sprites/master/sprites/pokemon/196.png
197	10	270	184	95	65	110	65	https://raw.githubusercontent.com/PokeAPI/sprites/master/sprites/pokemon/197.png
198	5	21	81	60	85	42	91	https://raw.githubusercontent.com/PokeAPI/sprites/master/sprites/pokemon/198.png
199	20	795	172	95	75	80	30	https://raw.githubusercontent.com/PokeAPI/sprites/master/sprites/pokemon/199.png
200	7	10	87	60	60	60	85	https://raw.githubusercontent.com/PokeAPI/sprites/master/sprites/pokemon/200.png
201	5	50	118	48	72	48	48	https://raw.githubusercontent.com/PokeAPI/sprites/master/sprites/pokemon/201.png
202	13	285	142	190	33	58	33	https://raw.githubusercontent.com/PokeAPI/sprites/master/sprites/pokemon/202.png
203	15	415	159	70	80	65	85	https://raw.githubusercontent.com/PokeAPI/sprites/master/sprites/pokemon/203.png
204	6	72	58	50	65	90	15	https://raw.githubusercontent.com/PokeAPI/sprites/master/sprites/pokemon/204.png
205	12	1258	163	75	90	140	40	https://raw.githubusercontent.com/PokeAPI/sprites/master/sprites/pokemon/205.png
206	15	140	145	100	70	70	45	https://raw.githubusercontent.com/PokeAPI/sprites/master/sprites/pokemon/206.png
207	11	648	86	65	75	105	85	https://raw.githubusercontent.com/PokeAPI/sprites/master/sprites/pokemon/207.png
208	92	4000	179	75	85	200	30	https://raw.githubusercontent.com/PokeAPI/sprites/master/sprites/pokemon/208.png
209	6	78	60	60	80	50	30	https://raw.githubusercontent.com/PokeAPI/sprites/master/sprites/pokemon/209.png
210	14	487	158	90	120	75	45	https://raw.githubusercontent.com/PokeAPI/sprites/master/sprites/pokemon/210.png
211	5	39	88	65	95	85	85	https://raw.githubusercontent.com/PokeAPI/sprites/master/sprites/pokemon/211.png
212	18	1180	175	70	130	100	65	https://raw.githubusercontent.com/PokeAPI/sprites/master/sprites/pokemon/212.png
213	6	205	177	20	10	230	5	https://raw.githubusercontent.com/PokeAPI/sprites/master/sprites/pokemon/213.png
214	15	540	175	80	125	75	85	https://raw.githubusercontent.com/PokeAPI/sprites/master/sprites/pokemon/214.png
215	9	280	86	55	95	55	115	https://raw.githubusercontent.com/PokeAPI/sprites/master/sprites/pokemon/215.png
216	6	88	66	60	80	50	40	https://raw.githubusercontent.com/PokeAPI/sprites/master/sprites/pokemon/216.png
217	18	1258	175	90	130	75	55	https://raw.githubusercontent.com/PokeAPI/sprites/master/sprites/pokemon/217.png
218	7	350	50	40	40	40	20	https://raw.githubusercontent.com/PokeAPI/sprites/master/sprites/pokemon/218.png
219	8	550	151	60	50	120	30	https://raw.githubusercontent.com/PokeAPI/sprites/master/sprites/pokemon/219.png
220	4	65	50	50	50	40	50	https://raw.githubusercontent.com/PokeAPI/sprites/master/sprites/pokemon/220.png
221	11	558	158	100	100	80	50	https://raw.githubusercontent.com/PokeAPI/sprites/master/sprites/pokemon/221.png
222	6	50	144	65	55	95	35	https://raw.githubusercontent.com/PokeAPI/sprites/master/sprites/pokemon/222.png
223	6	120	60	35	65	35	65	https://raw.githubusercontent.com/PokeAPI/sprites/master/sprites/pokemon/223.png
224	9	285	168	75	105	75	45	https://raw.githubusercontent.com/PokeAPI/sprites/master/sprites/pokemon/224.png
225	9	160	116	45	55	45	75	https://raw.githubusercontent.com/PokeAPI/sprites/master/sprites/pokemon/225.png
226	21	2200	170	85	40	70	70	https://raw.githubusercontent.com/PokeAPI/sprites/master/sprites/pokemon/226.png
227	17	505	163	65	80	140	70	https://raw.githubusercontent.com/PokeAPI/sprites/master/sprites/pokemon/227.png
228	6	108	66	45	60	30	65	https://raw.githubusercontent.com/PokeAPI/sprites/master/sprites/pokemon/228.png
229	14	350	175	75	90	50	95	https://raw.githubusercontent.com/PokeAPI/sprites/master/sprites/pokemon/229.png
230	18	1520	270	75	95	95	85	https://raw.githubusercontent.com/PokeAPI/sprites/master/sprites/pokemon/230.png
231	5	335	66	90	60	60	40	https://raw.githubusercontent.com/PokeAPI/sprites/master/sprites/pokemon/231.png
232	11	1200	175	90	120	120	50	https://raw.githubusercontent.com/PokeAPI/sprites/master/sprites/pokemon/232.png
233	6	325	180	85	80	90	60	https://raw.githubusercontent.com/PokeAPI/sprites/master/sprites/pokemon/233.png
234	14	712	163	73	95	62	85	https://raw.githubusercontent.com/PokeAPI/sprites/master/sprites/pokemon/234.png
235	12	580	88	55	20	35	75	https://raw.githubusercontent.com/PokeAPI/sprites/master/sprites/pokemon/235.png
236	7	210	42	35	35	35	35	https://raw.githubusercontent.com/PokeAPI/sprites/master/sprites/pokemon/236.png
237	14	480	159	50	95	95	70	https://raw.githubusercontent.com/PokeAPI/sprites/master/sprites/pokemon/237.png
238	4	60	61	45	30	15	65	https://raw.githubusercontent.com/PokeAPI/sprites/master/sprites/pokemon/238.png
239	6	235	72	45	63	37	95	https://raw.githubusercontent.com/PokeAPI/sprites/master/sprites/pokemon/239.png
240	7	214	73	45	75	37	83	https://raw.githubusercontent.com/PokeAPI/sprites/master/sprites/pokemon/240.png
241	12	755	172	95	80	105	100	https://raw.githubusercontent.com/PokeAPI/sprites/master/sprites/pokemon/241.png
242	15	468	635	255	10	10	55	https://raw.githubusercontent.com/PokeAPI/sprites/master/sprites/pokemon/242.png
243	19	1780	290	90	85	75	115	https://raw.githubusercontent.com/PokeAPI/sprites/master/sprites/pokemon/243.png
244	21	1980	290	115	115	85	100	https://raw.githubusercontent.com/PokeAPI/sprites/master/sprites/pokemon/244.png
245	20	1870	290	100	75	115	85	https://raw.githubusercontent.com/PokeAPI/sprites/master/sprites/pokemon/245.png
246	6	720	60	50	64	50	41	https://raw.githubusercontent.com/PokeAPI/sprites/master/sprites/pokemon/246.png
247	12	1520	144	70	84	70	51	https://raw.githubusercontent.com/PokeAPI/sprites/master/sprites/pokemon/247.png
248	20	2020	300	100	134	110	61	https://raw.githubusercontent.com/PokeAPI/sprites/master/sprites/pokemon/248.png
249	52	2160	340	106	90	130	110	https://raw.githubusercontent.com/PokeAPI/sprites/master/sprites/pokemon/249.png
250	38	1990	340	106	130	90	90	https://raw.githubusercontent.com/PokeAPI/sprites/master/sprites/pokemon/250.png
251	6	50	300	100	100	100	100	https://raw.githubusercontent.com/PokeAPI/sprites/master/sprites/pokemon/251.png
252	5	50	62	40	45	35	70	https://raw.githubusercontent.com/PokeAPI/sprites/master/sprites/pokemon/252.png
253	9	216	142	50	65	45	95	https://raw.githubusercontent.com/PokeAPI/sprites/master/sprites/pokemon/253.png
254	17	522	265	70	85	65	120	https://raw.githubusercontent.com/PokeAPI/sprites/master/sprites/pokemon/254.png
255	4	25	62	45	60	40	45	https://raw.githubusercontent.com/PokeAPI/sprites/master/sprites/pokemon/255.png
256	9	195	142	60	85	60	55	https://raw.githubusercontent.com/PokeAPI/sprites/master/sprites/pokemon/256.png
257	19	520	265	80	120	70	80	https://raw.githubusercontent.com/PokeAPI/sprites/master/sprites/pokemon/257.png
258	4	76	62	50	70	50	40	https://raw.githubusercontent.com/PokeAPI/sprites/master/sprites/pokemon/258.png
259	7	280	142	70	85	70	50	https://raw.githubusercontent.com/PokeAPI/sprites/master/sprites/pokemon/259.png
260	15	819	268	100	110	90	60	https://raw.githubusercontent.com/PokeAPI/sprites/master/sprites/pokemon/260.png
261	5	136	56	35	55	35	35	https://raw.githubusercontent.com/PokeAPI/sprites/master/sprites/pokemon/261.png
262	10	370	147	70	90	70	70	https://raw.githubusercontent.com/PokeAPI/sprites/master/sprites/pokemon/262.png
263	4	175	56	38	30	41	60	https://raw.githubusercontent.com/PokeAPI/sprites/master/sprites/pokemon/263.png
264	5	325	147	78	70	61	100	https://raw.githubusercontent.com/PokeAPI/sprites/master/sprites/pokemon/264.png
265	3	36	56	45	45	35	20	https://raw.githubusercontent.com/PokeAPI/sprites/master/sprites/pokemon/265.png
266	6	100	72	50	35	55	15	https://raw.githubusercontent.com/PokeAPI/sprites/master/sprites/pokemon/266.png
267	10	284	178	60	70	50	65	https://raw.githubusercontent.com/PokeAPI/sprites/master/sprites/pokemon/267.png
268	7	115	72	50	35	55	15	https://raw.githubusercontent.com/PokeAPI/sprites/master/sprites/pokemon/268.png
269	12	316	173	60	50	70	65	https://raw.githubusercontent.com/PokeAPI/sprites/master/sprites/pokemon/269.png
270	5	26	44	40	30	30	30	https://raw.githubusercontent.com/PokeAPI/sprites/master/sprites/pokemon/270.png
271	12	325	119	60	50	50	50	https://raw.githubusercontent.com/PokeAPI/sprites/master/sprites/pokemon/271.png
272	15	550	240	80	70	70	70	https://raw.githubusercontent.com/PokeAPI/sprites/master/sprites/pokemon/272.png
273	5	40	44	40	40	50	30	https://raw.githubusercontent.com/PokeAPI/sprites/master/sprites/pokemon/273.png
274	10	280	119	70	70	40	60	https://raw.githubusercontent.com/PokeAPI/sprites/master/sprites/pokemon/274.png
275	13	596	240	90	100	60	80	https://raw.githubusercontent.com/PokeAPI/sprites/master/sprites/pokemon/275.png
276	3	23	54	40	55	30	85	https://raw.githubusercontent.com/PokeAPI/sprites/master/sprites/pokemon/276.png
277	7	198	159	60	85	60	125	https://raw.githubusercontent.com/PokeAPI/sprites/master/sprites/pokemon/277.png
278	6	95	54	40	30	30	85	https://raw.githubusercontent.com/PokeAPI/sprites/master/sprites/pokemon/278.png
279	12	280	154	60	50	100	65	https://raw.githubusercontent.com/PokeAPI/sprites/master/sprites/pokemon/279.png
280	4	66	40	28	25	25	40	https://raw.githubusercontent.com/PokeAPI/sprites/master/sprites/pokemon/280.png
281	8	202	97	38	35	35	50	https://raw.githubusercontent.com/PokeAPI/sprites/master/sprites/pokemon/281.png
282	16	484	259	68	65	65	80	https://raw.githubusercontent.com/PokeAPI/sprites/master/sprites/pokemon/282.png
283	5	17	54	40	30	32	65	https://raw.githubusercontent.com/PokeAPI/sprites/master/sprites/pokemon/283.png
284	8	36	159	70	60	62	80	https://raw.githubusercontent.com/PokeAPI/sprites/master/sprites/pokemon/284.png
285	4	45	59	60	40	60	35	https://raw.githubusercontent.com/PokeAPI/sprites/master/sprites/pokemon/285.png
286	12	392	161	60	130	80	70	https://raw.githubusercontent.com/PokeAPI/sprites/master/sprites/pokemon/286.png
287	8	240	56	60	60	60	30	https://raw.githubusercontent.com/PokeAPI/sprites/master/sprites/pokemon/287.png
288	14	465	154	80	80	80	90	https://raw.githubusercontent.com/PokeAPI/sprites/master/sprites/pokemon/288.png
289	20	1305	252	150	160	100	100	https://raw.githubusercontent.com/PokeAPI/sprites/master/sprites/pokemon/289.png
290	5	55	53	31	45	90	40	https://raw.githubusercontent.com/PokeAPI/sprites/master/sprites/pokemon/290.png
291	8	120	160	61	90	45	160	https://raw.githubusercontent.com/PokeAPI/sprites/master/sprites/pokemon/291.png
292	8	12	83	1	90	45	40	https://raw.githubusercontent.com/PokeAPI/sprites/master/sprites/pokemon/292.png
293	6	163	48	64	51	23	28	https://raw.githubusercontent.com/PokeAPI/sprites/master/sprites/pokemon/293.png
294	10	405	126	84	71	43	48	https://raw.githubusercontent.com/PokeAPI/sprites/master/sprites/pokemon/294.png
295	15	840	245	104	91	63	68	https://raw.githubusercontent.com/PokeAPI/sprites/master/sprites/pokemon/295.png
296	10	864	47	72	60	30	25	https://raw.githubusercontent.com/PokeAPI/sprites/master/sprites/pokemon/296.png
297	23	2538	166	144	120	60	50	https://raw.githubusercontent.com/PokeAPI/sprites/master/sprites/pokemon/297.png
298	2	20	38	50	20	40	20	https://raw.githubusercontent.com/PokeAPI/sprites/master/sprites/pokemon/298.png
299	10	970	75	30	45	135	30	https://raw.githubusercontent.com/PokeAPI/sprites/master/sprites/pokemon/299.png
300	6	110	52	50	45	45	50	https://raw.githubusercontent.com/PokeAPI/sprites/master/sprites/pokemon/300.png
301	11	326	140	70	65	65	90	https://raw.githubusercontent.com/PokeAPI/sprites/master/sprites/pokemon/301.png
302	5	110	133	50	75	75	50	https://raw.githubusercontent.com/PokeAPI/sprites/master/sprites/pokemon/302.png
303	6	115	133	50	85	85	50	https://raw.githubusercontent.com/PokeAPI/sprites/master/sprites/pokemon/303.png
304	4	600	66	50	70	100	30	https://raw.githubusercontent.com/PokeAPI/sprites/master/sprites/pokemon/304.png
305	9	1200	151	60	90	140	40	https://raw.githubusercontent.com/PokeAPI/sprites/master/sprites/pokemon/305.png
306	21	3600	265	70	110	180	50	https://raw.githubusercontent.com/PokeAPI/sprites/master/sprites/pokemon/306.png
307	6	112	56	30	40	55	60	https://raw.githubusercontent.com/PokeAPI/sprites/master/sprites/pokemon/307.png
308	13	315	144	60	60	75	80	https://raw.githubusercontent.com/PokeAPI/sprites/master/sprites/pokemon/308.png
309	6	152	59	40	45	40	65	https://raw.githubusercontent.com/PokeAPI/sprites/master/sprites/pokemon/309.png
310	15	402	166	70	75	60	105	https://raw.githubusercontent.com/PokeAPI/sprites/master/sprites/pokemon/310.png
311	4	42	142	60	50	40	95	https://raw.githubusercontent.com/PokeAPI/sprites/master/sprites/pokemon/311.png
312	4	42	142	60	40	50	95	https://raw.githubusercontent.com/PokeAPI/sprites/master/sprites/pokemon/312.png
313	7	177	151	65	73	75	85	https://raw.githubusercontent.com/PokeAPI/sprites/master/sprites/pokemon/313.png
314	6	177	151	65	47	75	85	https://raw.githubusercontent.com/PokeAPI/sprites/master/sprites/pokemon/314.png
315	3	20	140	50	60	45	65	https://raw.githubusercontent.com/PokeAPI/sprites/master/sprites/pokemon/315.png
316	4	103	60	70	43	53	40	https://raw.githubusercontent.com/PokeAPI/sprites/master/sprites/pokemon/316.png
317	17	800	163	100	73	83	55	https://raw.githubusercontent.com/PokeAPI/sprites/master/sprites/pokemon/317.png
318	8	208	61	45	90	20	65	https://raw.githubusercontent.com/PokeAPI/sprites/master/sprites/pokemon/318.png
319	18	888	161	70	120	40	95	https://raw.githubusercontent.com/PokeAPI/sprites/master/sprites/pokemon/319.png
320	20	1300	80	130	70	35	60	https://raw.githubusercontent.com/PokeAPI/sprites/master/sprites/pokemon/320.png
321	145	3980	175	170	90	45	60	https://raw.githubusercontent.com/PokeAPI/sprites/master/sprites/pokemon/321.png
322	7	240	61	60	60	40	35	https://raw.githubusercontent.com/PokeAPI/sprites/master/sprites/pokemon/322.png
323	19	2200	161	70	100	70	40	https://raw.githubusercontent.com/PokeAPI/sprites/master/sprites/pokemon/323.png
324	5	804	165	70	85	140	20	https://raw.githubusercontent.com/PokeAPI/sprites/master/sprites/pokemon/324.png
325	7	306	66	60	25	35	60	https://raw.githubusercontent.com/PokeAPI/sprites/master/sprites/pokemon/325.png
326	9	715	165	80	45	65	80	https://raw.githubusercontent.com/PokeAPI/sprites/master/sprites/pokemon/326.png
327	11	50	126	60	60	60	60	https://raw.githubusercontent.com/PokeAPI/sprites/master/sprites/pokemon/327.png
328	7	150	58	45	100	45	10	https://raw.githubusercontent.com/PokeAPI/sprites/master/sprites/pokemon/328.png
329	11	153	119	50	70	50	70	https://raw.githubusercontent.com/PokeAPI/sprites/master/sprites/pokemon/329.png
330	20	820	260	80	100	80	100	https://raw.githubusercontent.com/PokeAPI/sprites/master/sprites/pokemon/330.png
331	4	513	67	50	85	40	35	https://raw.githubusercontent.com/PokeAPI/sprites/master/sprites/pokemon/331.png
332	13	774	166	70	115	60	55	https://raw.githubusercontent.com/PokeAPI/sprites/master/sprites/pokemon/332.png
333	4	12	62	45	40	60	50	https://raw.githubusercontent.com/PokeAPI/sprites/master/sprites/pokemon/333.png
334	11	206	172	75	70	90	80	https://raw.githubusercontent.com/PokeAPI/sprites/master/sprites/pokemon/334.png
335	13	403	160	73	115	60	90	https://raw.githubusercontent.com/PokeAPI/sprites/master/sprites/pokemon/335.png
336	27	525	160	73	100	60	65	https://raw.githubusercontent.com/PokeAPI/sprites/master/sprites/pokemon/336.png
337	10	1680	161	90	55	65	70	https://raw.githubusercontent.com/PokeAPI/sprites/master/sprites/pokemon/337.png
338	12	1540	161	90	95	85	70	https://raw.githubusercontent.com/PokeAPI/sprites/master/sprites/pokemon/338.png
339	4	19	58	50	48	43	60	https://raw.githubusercontent.com/PokeAPI/sprites/master/sprites/pokemon/339.png
340	9	236	164	110	78	73	60	https://raw.githubusercontent.com/PokeAPI/sprites/master/sprites/pokemon/340.png
341	6	115	62	43	80	65	35	https://raw.githubusercontent.com/PokeAPI/sprites/master/sprites/pokemon/341.png
342	11	328	164	63	120	85	55	https://raw.githubusercontent.com/PokeAPI/sprites/master/sprites/pokemon/342.png
343	5	215	60	40	40	55	55	https://raw.githubusercontent.com/PokeAPI/sprites/master/sprites/pokemon/343.png
344	15	1080	175	60	70	105	75	https://raw.githubusercontent.com/PokeAPI/sprites/master/sprites/pokemon/344.png
345	10	238	71	66	41	77	23	https://raw.githubusercontent.com/PokeAPI/sprites/master/sprites/pokemon/345.png
346	15	604	173	86	81	97	43	https://raw.githubusercontent.com/PokeAPI/sprites/master/sprites/pokemon/346.png
347	7	125	71	45	95	50	75	https://raw.githubusercontent.com/PokeAPI/sprites/master/sprites/pokemon/347.png
348	15	682	173	75	125	100	45	https://raw.githubusercontent.com/PokeAPI/sprites/master/sprites/pokemon/348.png
349	6	74	40	20	15	20	80	https://raw.githubusercontent.com/PokeAPI/sprites/master/sprites/pokemon/349.png
350	62	1620	189	95	60	79	81	https://raw.githubusercontent.com/PokeAPI/sprites/master/sprites/pokemon/350.png
351	3	8	147	70	70	70	70	https://raw.githubusercontent.com/PokeAPI/sprites/master/sprites/pokemon/351.png
352	10	220	154	60	90	70	40	https://raw.githubusercontent.com/PokeAPI/sprites/master/sprites/pokemon/352.png
353	6	23	59	44	75	35	45	https://raw.githubusercontent.com/PokeAPI/sprites/master/sprites/pokemon/353.png
354	11	125	159	64	115	65	65	https://raw.githubusercontent.com/PokeAPI/sprites/master/sprites/pokemon/354.png
355	8	150	59	20	40	90	25	https://raw.githubusercontent.com/PokeAPI/sprites/master/sprites/pokemon/355.png
356	16	306	159	40	70	130	25	https://raw.githubusercontent.com/PokeAPI/sprites/master/sprites/pokemon/356.png
357	20	1000	161	99	68	83	51	https://raw.githubusercontent.com/PokeAPI/sprites/master/sprites/pokemon/357.png
358	6	10	159	75	50	80	65	https://raw.githubusercontent.com/PokeAPI/sprites/master/sprites/pokemon/358.png
359	12	470	163	65	130	60	75	https://raw.githubusercontent.com/PokeAPI/sprites/master/sprites/pokemon/359.png
360	6	140	52	95	23	48	23	https://raw.githubusercontent.com/PokeAPI/sprites/master/sprites/pokemon/360.png
361	7	168	60	50	50	50	50	https://raw.githubusercontent.com/PokeAPI/sprites/master/sprites/pokemon/361.png
362	15	2565	168	80	80	80	80	https://raw.githubusercontent.com/PokeAPI/sprites/master/sprites/pokemon/362.png
363	8	395	58	70	40	50	25	https://raw.githubusercontent.com/PokeAPI/sprites/master/sprites/pokemon/363.png
364	11	876	144	90	60	70	45	https://raw.githubusercontent.com/PokeAPI/sprites/master/sprites/pokemon/364.png
365	14	1506	265	110	80	90	65	https://raw.githubusercontent.com/PokeAPI/sprites/master/sprites/pokemon/365.png
366	4	525	69	35	64	85	32	https://raw.githubusercontent.com/PokeAPI/sprites/master/sprites/pokemon/366.png
367	17	270	170	55	104	105	52	https://raw.githubusercontent.com/PokeAPI/sprites/master/sprites/pokemon/367.png
368	18	226	170	55	84	105	52	https://raw.githubusercontent.com/PokeAPI/sprites/master/sprites/pokemon/368.png
369	10	234	170	100	90	130	55	https://raw.githubusercontent.com/PokeAPI/sprites/master/sprites/pokemon/369.png
370	6	87	116	43	30	55	97	https://raw.githubusercontent.com/PokeAPI/sprites/master/sprites/pokemon/370.png
371	6	421	60	45	75	60	50	https://raw.githubusercontent.com/PokeAPI/sprites/master/sprites/pokemon/371.png
372	11	1105	147	65	95	100	50	https://raw.githubusercontent.com/PokeAPI/sprites/master/sprites/pokemon/372.png
373	15	1026	300	95	135	80	100	https://raw.githubusercontent.com/PokeAPI/sprites/master/sprites/pokemon/373.png
374	6	952	60	40	55	80	30	https://raw.githubusercontent.com/PokeAPI/sprites/master/sprites/pokemon/374.png
375	12	2025	147	60	75	100	50	https://raw.githubusercontent.com/PokeAPI/sprites/master/sprites/pokemon/375.png
376	16	5500	300	80	135	130	70	https://raw.githubusercontent.com/PokeAPI/sprites/master/sprites/pokemon/376.png
377	17	2300	290	80	100	200	50	https://raw.githubusercontent.com/PokeAPI/sprites/master/sprites/pokemon/377.png
378	18	1750	290	80	50	100	50	https://raw.githubusercontent.com/PokeAPI/sprites/master/sprites/pokemon/378.png
379	19	2050	290	80	75	150	50	https://raw.githubusercontent.com/PokeAPI/sprites/master/sprites/pokemon/379.png
380	14	400	300	80	80	90	110	https://raw.githubusercontent.com/PokeAPI/sprites/master/sprites/pokemon/380.png
381	20	600	300	80	90	80	110	https://raw.githubusercontent.com/PokeAPI/sprites/master/sprites/pokemon/381.png
382	45	3520	335	100	100	90	90	https://raw.githubusercontent.com/PokeAPI/sprites/master/sprites/pokemon/382.png
383	35	9500	335	100	150	140	90	https://raw.githubusercontent.com/PokeAPI/sprites/master/sprites/pokemon/383.png
384	70	2065	340	105	150	90	95	https://raw.githubusercontent.com/PokeAPI/sprites/master/sprites/pokemon/384.png
385	3	11	300	100	100	100	100	https://raw.githubusercontent.com/PokeAPI/sprites/master/sprites/pokemon/385.png
386	17	608	270	50	150	50	150	https://raw.githubusercontent.com/PokeAPI/sprites/master/sprites/pokemon/386.png
387	4	102	64	55	68	64	31	https://raw.githubusercontent.com/PokeAPI/sprites/master/sprites/pokemon/387.png
388	11	970	142	75	89	85	36	https://raw.githubusercontent.com/PokeAPI/sprites/master/sprites/pokemon/388.png
389	22	3100	236	95	109	105	56	https://raw.githubusercontent.com/PokeAPI/sprites/master/sprites/pokemon/389.png
390	5	62	62	44	58	44	61	https://raw.githubusercontent.com/PokeAPI/sprites/master/sprites/pokemon/390.png
391	9	220	142	64	78	52	81	https://raw.githubusercontent.com/PokeAPI/sprites/master/sprites/pokemon/391.png
392	12	550	240	76	104	71	108	https://raw.githubusercontent.com/PokeAPI/sprites/master/sprites/pokemon/392.png
393	4	52	63	53	51	53	40	https://raw.githubusercontent.com/PokeAPI/sprites/master/sprites/pokemon/393.png
394	8	230	142	64	66	68	50	https://raw.githubusercontent.com/PokeAPI/sprites/master/sprites/pokemon/394.png
395	17	845	239	84	86	88	60	https://raw.githubusercontent.com/PokeAPI/sprites/master/sprites/pokemon/395.png
396	3	20	49	40	55	30	60	https://raw.githubusercontent.com/PokeAPI/sprites/master/sprites/pokemon/396.png
397	6	155	119	55	75	50	80	https://raw.githubusercontent.com/PokeAPI/sprites/master/sprites/pokemon/397.png
398	12	249	218	85	120	70	100	https://raw.githubusercontent.com/PokeAPI/sprites/master/sprites/pokemon/398.png
399	5	200	50	59	45	40	31	https://raw.githubusercontent.com/PokeAPI/sprites/master/sprites/pokemon/399.png
400	10	315	144	79	85	60	71	https://raw.githubusercontent.com/PokeAPI/sprites/master/sprites/pokemon/400.png
401	3	22	39	37	25	41	25	https://raw.githubusercontent.com/PokeAPI/sprites/master/sprites/pokemon/401.png
402	10	255	134	77	85	51	65	https://raw.githubusercontent.com/PokeAPI/sprites/master/sprites/pokemon/402.png
403	5	95	53	45	65	34	45	https://raw.githubusercontent.com/PokeAPI/sprites/master/sprites/pokemon/403.png
404	9	305	127	60	85	49	60	https://raw.githubusercontent.com/PokeAPI/sprites/master/sprites/pokemon/404.png
405	14	420	262	80	120	79	70	https://raw.githubusercontent.com/PokeAPI/sprites/master/sprites/pokemon/405.png
406	2	12	56	40	30	35	55	https://raw.githubusercontent.com/PokeAPI/sprites/master/sprites/pokemon/406.png
407	9	145	258	60	70	65	90	https://raw.githubusercontent.com/PokeAPI/sprites/master/sprites/pokemon/407.png
408	9	315	70	67	125	40	58	https://raw.githubusercontent.com/PokeAPI/sprites/master/sprites/pokemon/408.png
409	16	1025	173	97	165	60	58	https://raw.githubusercontent.com/PokeAPI/sprites/master/sprites/pokemon/409.png
410	5	570	70	30	42	118	30	https://raw.githubusercontent.com/PokeAPI/sprites/master/sprites/pokemon/410.png
411	13	1495	173	60	52	168	30	https://raw.githubusercontent.com/PokeAPI/sprites/master/sprites/pokemon/411.png
412	2	34	45	40	29	45	36	https://raw.githubusercontent.com/PokeAPI/sprites/master/sprites/pokemon/412.png
413	5	65	148	60	59	85	36	https://raw.githubusercontent.com/PokeAPI/sprites/master/sprites/pokemon/413.png
414	9	233	148	70	94	50	66	https://raw.githubusercontent.com/PokeAPI/sprites/master/sprites/pokemon/414.png
415	3	55	49	30	30	42	70	https://raw.githubusercontent.com/PokeAPI/sprites/master/sprites/pokemon/415.png
416	12	385	166	70	80	102	40	https://raw.githubusercontent.com/PokeAPI/sprites/master/sprites/pokemon/416.png
417	4	39	142	60	45	70	95	https://raw.githubusercontent.com/PokeAPI/sprites/master/sprites/pokemon/417.png
418	7	295	66	55	65	35	85	https://raw.githubusercontent.com/PokeAPI/sprites/master/sprites/pokemon/418.png
419	11	335	173	85	105	55	115	https://raw.githubusercontent.com/PokeAPI/sprites/master/sprites/pokemon/419.png
420	4	33	55	45	35	45	35	https://raw.githubusercontent.com/PokeAPI/sprites/master/sprites/pokemon/420.png
421	5	93	158	70	60	70	85	https://raw.githubusercontent.com/PokeAPI/sprites/master/sprites/pokemon/421.png
422	3	63	65	76	48	48	34	https://raw.githubusercontent.com/PokeAPI/sprites/master/sprites/pokemon/422.png
423	9	299	166	111	83	68	39	https://raw.githubusercontent.com/PokeAPI/sprites/master/sprites/pokemon/423.png
424	12	203	169	75	100	66	115	https://raw.githubusercontent.com/PokeAPI/sprites/master/sprites/pokemon/424.png
425	4	12	70	90	50	34	70	https://raw.githubusercontent.com/PokeAPI/sprites/master/sprites/pokemon/425.png
426	12	150	174	150	80	44	80	https://raw.githubusercontent.com/PokeAPI/sprites/master/sprites/pokemon/426.png
427	4	55	70	55	66	44	85	https://raw.githubusercontent.com/PokeAPI/sprites/master/sprites/pokemon/427.png
428	12	333	168	65	76	84	105	https://raw.githubusercontent.com/PokeAPI/sprites/master/sprites/pokemon/428.png
429	9	44	173	60	60	60	105	https://raw.githubusercontent.com/PokeAPI/sprites/master/sprites/pokemon/429.png
430	9	273	177	100	125	52	71	https://raw.githubusercontent.com/PokeAPI/sprites/master/sprites/pokemon/430.png
431	5	39	62	49	55	42	85	https://raw.githubusercontent.com/PokeAPI/sprites/master/sprites/pokemon/431.png
432	10	438	158	71	82	64	112	https://raw.githubusercontent.com/PokeAPI/sprites/master/sprites/pokemon/432.png
433	2	6	57	45	30	50	45	https://raw.githubusercontent.com/PokeAPI/sprites/master/sprites/pokemon/433.png
434	4	192	66	63	63	47	74	https://raw.githubusercontent.com/PokeAPI/sprites/master/sprites/pokemon/434.png
435	10	380	168	103	93	67	84	https://raw.githubusercontent.com/PokeAPI/sprites/master/sprites/pokemon/435.png
436	5	605	60	57	24	86	23	https://raw.githubusercontent.com/PokeAPI/sprites/master/sprites/pokemon/436.png
437	13	1870	175	67	89	116	33	https://raw.githubusercontent.com/PokeAPI/sprites/master/sprites/pokemon/437.png
438	5	150	58	50	80	95	10	https://raw.githubusercontent.com/PokeAPI/sprites/master/sprites/pokemon/438.png
439	6	130	62	20	25	45	60	https://raw.githubusercontent.com/PokeAPI/sprites/master/sprites/pokemon/439.png
440	6	244	110	100	5	5	30	https://raw.githubusercontent.com/PokeAPI/sprites/master/sprites/pokemon/440.png
441	5	19	144	76	65	45	91	https://raw.githubusercontent.com/PokeAPI/sprites/master/sprites/pokemon/441.png
442	10	1080	170	50	92	108	35	https://raw.githubusercontent.com/PokeAPI/sprites/master/sprites/pokemon/442.png
443	7	205	60	58	70	45	42	https://raw.githubusercontent.com/PokeAPI/sprites/master/sprites/pokemon/443.png
444	14	560	144	68	90	65	82	https://raw.githubusercontent.com/PokeAPI/sprites/master/sprites/pokemon/444.png
445	19	950	300	108	130	95	102	https://raw.githubusercontent.com/PokeAPI/sprites/master/sprites/pokemon/445.png
446	6	1050	78	135	85	40	5	https://raw.githubusercontent.com/PokeAPI/sprites/master/sprites/pokemon/446.png
447	7	202	57	40	70	40	60	https://raw.githubusercontent.com/PokeAPI/sprites/master/sprites/pokemon/447.png
448	12	540	184	70	110	70	90	https://raw.githubusercontent.com/PokeAPI/sprites/master/sprites/pokemon/448.png
449	8	495	66	68	72	78	32	https://raw.githubusercontent.com/PokeAPI/sprites/master/sprites/pokemon/449.png
450	20	3000	184	108	112	118	47	https://raw.githubusercontent.com/PokeAPI/sprites/master/sprites/pokemon/450.png
451	8	120	66	40	50	90	65	https://raw.githubusercontent.com/PokeAPI/sprites/master/sprites/pokemon/451.png
452	13	615	175	70	90	110	95	https://raw.githubusercontent.com/PokeAPI/sprites/master/sprites/pokemon/452.png
453	7	230	60	48	61	40	50	https://raw.githubusercontent.com/PokeAPI/sprites/master/sprites/pokemon/453.png
454	13	444	172	83	106	65	85	https://raw.githubusercontent.com/PokeAPI/sprites/master/sprites/pokemon/454.png
455	14	270	159	74	100	72	46	https://raw.githubusercontent.com/PokeAPI/sprites/master/sprites/pokemon/455.png
456	4	70	66	49	49	56	66	https://raw.githubusercontent.com/PokeAPI/sprites/master/sprites/pokemon/456.png
457	12	240	161	69	69	76	91	https://raw.githubusercontent.com/PokeAPI/sprites/master/sprites/pokemon/457.png
458	10	650	69	45	20	50	50	https://raw.githubusercontent.com/PokeAPI/sprites/master/sprites/pokemon/458.png
459	10	505	67	60	62	50	40	https://raw.githubusercontent.com/PokeAPI/sprites/master/sprites/pokemon/459.png
460	22	1355	173	90	92	75	60	https://raw.githubusercontent.com/PokeAPI/sprites/master/sprites/pokemon/460.png
461	11	340	179	70	120	65	125	https://raw.githubusercontent.com/PokeAPI/sprites/master/sprites/pokemon/461.png
462	12	1800	268	70	70	115	60	https://raw.githubusercontent.com/PokeAPI/sprites/master/sprites/pokemon/462.png
463	17	1400	180	110	85	95	50	https://raw.githubusercontent.com/PokeAPI/sprites/master/sprites/pokemon/463.png
464	24	2828	268	115	140	130	40	https://raw.githubusercontent.com/PokeAPI/sprites/master/sprites/pokemon/464.png
465	20	1286	187	100	100	125	50	https://raw.githubusercontent.com/PokeAPI/sprites/master/sprites/pokemon/465.png
466	18	1386	270	75	123	67	95	https://raw.githubusercontent.com/PokeAPI/sprites/master/sprites/pokemon/466.png
467	16	680	270	75	95	67	83	https://raw.githubusercontent.com/PokeAPI/sprites/master/sprites/pokemon/467.png
468	15	380	273	85	50	95	80	https://raw.githubusercontent.com/PokeAPI/sprites/master/sprites/pokemon/468.png
469	19	515	180	86	76	86	95	https://raw.githubusercontent.com/PokeAPI/sprites/master/sprites/pokemon/469.png
470	10	255	184	65	110	130	95	https://raw.githubusercontent.com/PokeAPI/sprites/master/sprites/pokemon/470.png
471	8	259	184	65	60	110	65	https://raw.githubusercontent.com/PokeAPI/sprites/master/sprites/pokemon/471.png
472	20	425	179	75	95	125	95	https://raw.githubusercontent.com/PokeAPI/sprites/master/sprites/pokemon/472.png
473	25	2910	265	110	130	80	80	https://raw.githubusercontent.com/PokeAPI/sprites/master/sprites/pokemon/473.png
474	9	340	268	85	80	70	90	https://raw.githubusercontent.com/PokeAPI/sprites/master/sprites/pokemon/474.png
475	16	520	259	68	125	65	80	https://raw.githubusercontent.com/PokeAPI/sprites/master/sprites/pokemon/475.png
476	14	3400	184	60	55	145	40	https://raw.githubusercontent.com/PokeAPI/sprites/master/sprites/pokemon/476.png
477	22	1066	263	45	100	135	45	https://raw.githubusercontent.com/PokeAPI/sprites/master/sprites/pokemon/477.png
478	13	266	168	70	80	70	110	https://raw.githubusercontent.com/PokeAPI/sprites/master/sprites/pokemon/478.png
479	3	3	154	50	50	77	91	https://raw.githubusercontent.com/PokeAPI/sprites/master/sprites/pokemon/479.png
480	3	3	290	75	75	130	95	https://raw.githubusercontent.com/PokeAPI/sprites/master/sprites/pokemon/480.png
481	3	3	290	80	105	105	80	https://raw.githubusercontent.com/PokeAPI/sprites/master/sprites/pokemon/481.png
482	3	3	290	75	125	70	115	https://raw.githubusercontent.com/PokeAPI/sprites/master/sprites/pokemon/482.png
483	54	6830	340	100	120	120	90	https://raw.githubusercontent.com/PokeAPI/sprites/master/sprites/pokemon/483.png
484	42	3360	340	90	120	100	100	https://raw.githubusercontent.com/PokeAPI/sprites/master/sprites/pokemon/484.png
485	17	4300	300	91	90	106	77	https://raw.githubusercontent.com/PokeAPI/sprites/master/sprites/pokemon/485.png
486	37	4200	335	110	160	110	100	https://raw.githubusercontent.com/PokeAPI/sprites/master/sprites/pokemon/486.png
487	45	7500	340	150	100	120	90	https://raw.githubusercontent.com/PokeAPI/sprites/master/sprites/pokemon/487.png
488	15	856	300	120	70	110	85	https://raw.githubusercontent.com/PokeAPI/sprites/master/sprites/pokemon/488.png
489	4	31	216	80	80	80	80	https://raw.githubusercontent.com/PokeAPI/sprites/master/sprites/pokemon/489.png
490	3	14	270	100	100	100	100	https://raw.githubusercontent.com/PokeAPI/sprites/master/sprites/pokemon/490.png
491	15	505	270	70	90	90	125	https://raw.githubusercontent.com/PokeAPI/sprites/master/sprites/pokemon/491.png
492	2	21	270	100	100	100	100	https://raw.githubusercontent.com/PokeAPI/sprites/master/sprites/pokemon/492.png
493	32	3200	324	120	120	120	120	https://raw.githubusercontent.com/PokeAPI/sprites/master/sprites/pokemon/493.png
494	4	40	300	100	100	100	100	https://raw.githubusercontent.com/PokeAPI/sprites/master/sprites/pokemon/494.png
495	6	81	62	45	45	55	63	https://raw.githubusercontent.com/PokeAPI/sprites/master/sprites/pokemon/495.png
496	8	160	145	60	60	75	83	https://raw.githubusercontent.com/PokeAPI/sprites/master/sprites/pokemon/496.png
497	33	630	238	75	75	95	113	https://raw.githubusercontent.com/PokeAPI/sprites/master/sprites/pokemon/497.png
498	5	99	62	65	63	45	45	https://raw.githubusercontent.com/PokeAPI/sprites/master/sprites/pokemon/498.png
499	10	555	146	90	93	55	55	https://raw.githubusercontent.com/PokeAPI/sprites/master/sprites/pokemon/499.png
500	16	1500	238	110	123	65	65	https://raw.githubusercontent.com/PokeAPI/sprites/master/sprites/pokemon/500.png